{"metadata":{"asset_id":"fd7d29c7-a698-4d28-b6e8-438b3c33b6f6","asset_attributes":["data_asset"],"name":"Customers","asset_type":"data_asset","created_at":"2020-03-20T18:30:17Z","description":"","origin_country":"none","owner_id":"1000331001","project_id":"bdb39378-4d78-4c34-8f98-36d9d69fb930","sandbox_id":"bdb39378-4d78-4c34-8f98-36d9d69fb930","size":0,"tags":["connected-data"],"usage":{"last_update_time":1584729017727,"last_updated_at":"2020-03-20T18:30:17Z"}},"entity":{"data_asset":{"mime_type":"application/octet-stream","dataset":true,"columns":[{"name":"id","type":{"length":10,"nullable":true,"type":"integer","scale":0,"signed":true}},{"name":"name","type":{"length":255,"nullable":true,"type":"varchar","scale":0,"signed":false}},{"name":"email_preferences","type":{"length":255,"nullable":true,"type":"varchar","scale":0,"signed":false}},{"name":"addresses","type":{"length":255,"nullable":true,"type":"varchar","scale":0,"signed":false}},{"name":"orders","type":{"length":255,"nullable":true,"type":"varchar","scale":0,"signed":false}}]}},"attachments":[{"id":"41bea10e-8c01-4b95-aa84-e89d91c2871c","version":2,"asset_type":"data_asset","name":"remote","description":"remote","connection_id":"7370813f-bba6-4e7e-bfb5-08e638316673","connection_path":"/default/customers","create_time":1584729017722,"size":0,"is_remote":true,"is_managed":false,"is_referenced":false,"is_object_key_read_only":false,"is_user_provided_path_key":true,"transfer_complete":true,"is_partitioned":false,"complete_time_ticks":1584729017722,"user_data":{},"test_doc":0,"usage":{"access_count":0,"last_accessor_id":"1000331001","last_access_time":1584729017722}}]}