{"metadata":{"asset_id":"3989a2c5-04d0-4cea-ba3f-628084ac8eab","asset_attributes":["notebook"],"name":"hive_perfomance_testing","asset_type":"notebook","created_at":"2020-03-20T17:45:07Z","description":"","origin_country":"us","owner_id":"1000331001","project_id":"bdb39378-4d78-4c34-8f98-36d9d69fb930","sandbox_id":"bdb39378-4d78-4c34-8f98-36d9d69fb930","size":208,"tags":["notebook"],"usage":{"last_update_time":1584987447171,"last_updated_at":"2020-03-23T18:17:27Z"}},"entity":{"notebook":{"kernel":{"name":"python3","display_name":"Python 3.6","language":"python"},"originates_from":{"type":"blank"},"runtime":{"environment":"jupconda36-bdb39378-4d78-4c34-8f98-36d9d69fb930"}}},"attachments":[{"id":"ae57f3e7-649e-4f08-baba-331398c24bc4","version":2,"asset_type":"notebook","name":"attachment for notebook 3989a2c5-04d0-4cea-ba3f-628084ac8eab","description":"attachment for notebook 3989a2c5-04d0-4cea-ba3f-628084ac8eab","mime":"application/json","object_key":"notebook/hive_perfomance_testing_0ztoRT_s0.ipynb","create_time":1584726307554,"size":208,"is_remote":false,"is_managed":false,"is_referenced":true,"is_object_key_read_only":false,"is_user_provided_path_key":true,"transfer_complete":true,"is_partitioned":false,"complete_time_ticks":1584726307554,"user_data":{},"test_doc":0,"handle":{"key":"notebook/hive_perfomance_testing_0ztoRT_s0.ipynb","upload_id":"done","max_part_num":1},"usage":{"access_count":0,"last_accessor_id":"1000331001","last_access_time":1584726307554}}]}