{"metadata":{"asset_id":"6d43f842-63d0-4c38-b9c6-5e8939bad9d0","asset_attributes":["notebook"],"name":"livy_performance_testing","asset_type":"notebook","created_at":"2020-03-13T21:21:31Z","description":"","origin_country":"us","owner_id":"1000331001","project_id":"bdb39378-4d78-4c34-8f98-36d9d69fb930","sandbox_id":"bdb39378-4d78-4c34-8f98-36d9d69fb930","size":9157,"tags":["notebook"],"usage":{"last_update_time":1584671993514,"last_updated_at":"2020-03-20T02:39:53Z"}},"entity":{"notebook":{"kernel":{"name":"python3","display_name":"Python 3.6","language":"python"},"originates_from":{"type":"file"},"runtime":{"environment":"jupconda36-bdb39378-4d78-4c34-8f98-36d9d69fb930"}}},"attachments":[{"id":"7cc7ade0-8d74-4785-8fc4-928a3acf49c2","version":2,"asset_type":"notebook","name":"attachment for notebook 6d43f842-63d0-4c38-b9c6-5e8939bad9d0","description":"attachment for notebook 6d43f842-63d0-4c38-b9c6-5e8939bad9d0","mime":"application/json","object_key":"notebook/livy_performance_testing_sRQL9rJyU.ipynb","create_time":1584134492701,"size":9157,"is_remote":false,"is_managed":false,"is_referenced":true,"is_object_key_read_only":false,"is_user_provided_path_key":true,"transfer_complete":true,"is_partitioned":false,"complete_time_ticks":1584134492701,"user_data":{},"test_doc":0,"handle":{"key":"notebook/livy_performance_testing_sRQL9rJyU.ipynb","upload_id":"done","max_part_num":1},"usage":{"access_count":0,"last_accessor_id":"1000331001","last_access_time":1584134492701}}]}